<?xml version="1.0" encoding="UTF-8"?>
<project-private xmlns="http://www.netbeans.org/ns/project-private/1">
    <editor-bookmarks xmlns="http://www.netbeans.org/ns/editor-bookmarks/2" lastBookmarkId="0"/>
    <open-files xmlns="http://www.netbeans.org/ns/projectui-open-files/2">
        <group>
            <file>file:/C:/Users/zxh25/Documents/GitHub/ISM6259/sample/src/smaple/DBConnector.java</file>
            <file>file:/C:/Users/zxh25/Documents/GitHub/ISM6259/sample/src/smaple/PickTime.java</file>
            <file>file:/C:/Users/zxh25/Documents/GitHub/ISM6259/sample/src/smaple/InterviewList.java</file>
            <file>file:/C:/Users/zxh25/Documents/GitHub/ISM6259/sample/src/smaple/room.java</file>
            <file>file:/C:/Users/zxh25/Documents/GitHub/ISM6259/sample/src/smaple/ChooseInterviewTime.java</file>
            <file>file:/C:/Users/zxh25/Documents/GitHub/ISM6259/sample/src/smaple/Appointment.java</file>
            <file>file:/C:/Users/zxh25/Documents/GitHub/ISM6259/sample/src/smaple/NewJFrame.java</file>
            <file>file:/C:/Users/zxh25/Documents/GitHub/ISM6259/sample/src/smaple/UploadAvailability.java</file>
            <file>file:/C:/Users/zxh25/Documents/GitHub/ISM6259/sample/src/smaple/MainPage.java</file>
            <file>file:/C:/Users/zxh25/Documents/GitHub/ISM6259/sample/src/smaple/Employee.java</file>
        </group>
    </open-files>
</project-private>
